{
  "summary": {
    "average": 4.23125,
    "count": 960,
    "sortable": 4.15536385100703
  },
  "counts": {
    "1": 96,
    "2": 32,
    "3": 61,
    "4": 136,
    "5": 635
  }
}